fingerprint,age,sex,handedness,favcolor,enoughhours,superpower,residence,family,pets,maritalstatus,military,education
"0.768633540594","lt65","female","right","white","no","invisible","4","yes","no","cohab","yes","assoc"
"0.127416367814","lt35","male","right","white","no","invisible","17","yes","yes","civunion","no","prof"
"0.525264705215","ge75","male","right","white","no","intelligence","17","no","yes","cohab","yes","trade"
"0.957133657845","lt35","female","left","pink","yes","healing","17","no","yes","separated","no","doctor"
"0.552799875824","lt55","female","left","green","no","teleport","10","no","no","dompart","no","hs"
"0.191590634851","lt45","female","left","red","no","timefreeze","6","no","no","cohab","yes","assoc"
"0.782639497248","lt55","male","left","black","yes","healing","19","no","yes","divorced","no","master"
"0.139091350052","lt65","female","left","black","no","teleport","18","no","yes","separated","yes","somecol"
"0.451343123655","lt55","female","left","blue","no","flight","8","no","no","married","no","under"
"0.35490828534","lt55","male","right","pink","no","invisible","8","yes","no","single","no","elementary"
"0.488029471276","lt55","male","left","purple","no","flight","1","yes","yes","single","no","doctor"
"0.537628601619","lt55","male","right","yellow","no","timetravel","12","yes","yes","civunion","yes","prof"
"0.323100971596","lt45","male","right","brown","no","timetravel","7","yes","no","divorced","yes","hs"
"0.204606894738","lt75","female","right","yellow","yes","mindre","10","no","no","separated","no","elementary"
"0.649062378844","lt12","female","right","yellow","yes","timefreeze","18","no","no","dompart","yes","master"
"0.606026437048","lt18","female","left","brown","no","mindco","4","no","no","widowed","no","master"
"0.87006480574","lt55","male","left","white","yes","invisible","15","no","no","cohab","no","elementary"
"0.944217923164","ge75","female","right","black","yes","strength","19","yes","no","separated","no","elementary"
"0.565310925414","lt55","male","left","green","yes","mindco","14","no","no","widowed","yes","hs"
"0.592396129496","lt55","female","left","white","no","timefreeze","18","no","no","separated","yes","none"
"0.894078087179","lt35","male","left","yellow","no","timetravel","4","yes","yes","widowed","no","assoc"
"0.0125934506204","lt55","female","left","orange","no","mindco","18","yes","no","married","no","prof"
"0.892277320746","lt35","female","right","orange","yes","strength","14","no","yes","widowed","yes","doctor"
"0.548420505974","lt18","female","right","green","no","teleport","9","no","no","single","yes","under"
"0.97771377949","lt65","male","left","pink","no","intelligence","15","yes","yes","civunion","no","prof"
"0.0613720113463","lt18","female","left","black","no","healing","12","yes","no","single","no","elementary"
"0.0486549713308","lt55","male","right","purple","yes","intelligence","13","yes","no","widowed","no","trade"
"0.790836351197","lt65","male","left","green","yes","mindre","13","yes","yes","dompart","no","hs"
"0.432787970529","lt18","male","left","green","yes","mindco","15","yes","yes","widowed","no","none"
"0.249377147658","lt55","male","right","blue","yes","intelligence","11","yes","no","separated","no","under"
"0.205891441833","lt12","male","left","green","yes","healing","5","no","no","married","no","trade"
"0.394612638841","lt75","male","left","red","yes","timefreeze","16","no","yes","widowed","yes","elementary"
"0.884652123401","lt55","female","right","purple","yes","timefreeze","9","yes","no","married","no","elementary"
"0.121972166311","lt18","male","left","orange","yes","invisible","17","no","no","divorced","yes","somecol"
"0.481336648424","lt35","male","right","orange","yes","timetravel","2","yes","no","cohab","no","assoc"
"0.54917366933","lt35","female","right","black","yes","flight","15","yes","yes","separated","no","under"
"0.200032259268","lt55","female","right","green","yes","invisible","11","no","yes","dompart","yes","doctor"
"0.236794720506","lt45","female","left","green","yes","strength","11","yes","yes","separated","no","master"
"0.14633686381","lt45","female","left","red","yes","intelligence","4","no","no","married","yes","none"
"0.926910057534","lt25","female","left","yellow","yes","intelligence","3","yes","yes","single","no","elementary"
"0.187403709727","lt35","female","right","pink","no","strength","9","no","yes","dompart","yes","somecol"
"0.300881279748","lt18","female","right","black","yes","invisible","8","yes","yes","separated","no","assoc"
"0.518266204991","lt25","female","left","pink","yes","strength","20","no","no","married","yes","under"
"0.253392405308","lt45","female","right","orange","yes","strength","8","yes","no","single","yes","hs"
"0.584225157693","lt45","male","right","yellow","no","invisible","6","yes","yes","civunion","yes","elementary"
"0.222694060532","lt55","female","right","green","no","teleport","1","no","yes","separated","no","master"
"0.984408451786","lt25","male","right","black","yes","strength","8","no","no","dompart","no","trade"
"0.0594291604172","lt45","male","left","brown","no","teleport","12","no","yes","cohab","yes","elementary"
"0.0620333464659","lt45","female","right","orange","no","strength","17","yes","no","separated","no","elementary"
"0.177627409032","lt45","female","right","white","yes","flight","4","no","no","married","no","none"
"0.315225624433","lt18","female","left","blue","yes","flight","7","yes","no","single","yes","doctor"
"0.0416666910383","lt18","female","left","pink","no","strength","10","no","yes","married","yes","assoc"
"0.0811969910136","lt18","female","right","brown","no","strength","14","no","yes","dompart","yes","hs"
"0.265862389253","lt35","female","left","red","yes","flight","15","yes","no","widowed","no","master"
"0.171881369431","lt18","male","right","orange","no","mindre","10","no","no","married","yes","somecol"
"0.0918183442242","lt25","male","left","orange","yes","timetravel","9","no","yes","dompart","no","doctor"
"0.475311642867","lt55","male","left","brown","no","invisible","6","no","no","divorced","yes","master"
"0.79100583037","lt25","female","right","blue","yes","strength","18","no","no","separated","yes","none"
"0.110826752984","lt35","female","right","purple","no","flight","6","no","no","single","no","prof"
"0.705805908927","lt45","female","right","blue","no","strength","4","yes","yes","dompart","no","elementary"
"0.201729172554","lt18","male","left","brown","no","flight","2","no","yes","divorced","yes","trade"
"0.513482737594","lt45","male","right","red","no","invisible","10","yes","no","married","yes","assoc"
"0.300196103137","lt25","male","right","pink","no","timefreeze","17","no","yes","widowed","no","prof"
"0.679047694875","lt35","female","right","green","no","mindco","12","no","yes","single","no","hs"
"0.379835192712","lt35","male","right","orange","no","mindco","17","yes","no","separated","yes","under"
"0.955110624875","lt55","male","right","yellow","yes","mindre","14","no","no","separated","yes","prof"
"0.516115873714","lt25","male","left","white","no","intelligence","2","no","no","divorced","yes","assoc"
"0.191228667851","lt18","male","left","black","no","invisible","9","yes","yes","dompart","no","under"
"0.722498602783","lt35","male","left","red","no","intelligence","16","no","no","widowed","no","trade"
"0.695405960182","lt75","female","left","yellow","yes","mindco","4","no","yes","single","no","somecol"
"0.574806413285","lt55","male","left","green","no","mindre","14","yes","no","civunion","yes","doctor"
"0.949660826383","lt35","female","right","brown","no","mindre","10","no","yes","cohab","no","doctor"
"0.56519822067","ge75","male","left","red","no","flight","11","no","yes","dompart","yes","prof"
"0.644543268289","lt35","female","right","brown","yes","timefreeze","1","yes","no","widowed","yes","hs"
"0.913010511478","lt75","female","right","red","no","intelligence","8","yes","no","widowed","yes","master"
"0.975348571793","lt18","male","right","red","no","healing","9","yes","yes","civunion","yes","trade"
"0.257272565783","lt25","female","right","yellow","yes","timetravel","16","yes","no","civunion","no","prof"
"0.782225541194","lt45","female","right","brown","no","invisible","19","no","yes","dompart","no","assoc"
"0.215715592769","ge75","female","left","white","yes","mindco","9","no","no","single","no","elementary"
"0.885811121928","lt35","male","right","red","no","mindco","6","no","yes","cohab","yes","somecol"
"0.0211921875635","lt45","female","right","green","no","flight","18","no","no","single","no","assoc"
"0.174387749391","lt18","male","right","black","no","flight","14","no","no","widowed","no","under"
"0.76826882501","lt25","male","left","purple","yes","mindre","3","yes","yes","dompart","no","somecol"
"0.0791662701531","lt35","female","right","white","yes","flight","13","yes","yes","single","no","master"
"0.0742596310378","lt45","female","left","pink","no","healing","20","yes","no","separated","no","under"
"0.61088624853","lt45","male","right","pink","no","timefreeze","5","yes","no","separated","yes","somecol"
"0.976102438261","lt55","female","right","purple","yes","invisible","9","no","yes","married","yes","somecol"
"0.786557321453","ge75","male","left","pink","no","healing","10","no","no","separated","yes","master"
"0.707407412553","lt45","male","left","purple","no","teleport","10","no","yes","cohab","no","prof"
"0.402302571919","lt45","male","left","brown","yes","mindco","13","yes","no","cohab","no","prof"
"0.972079000363","lt65","female","left","yellow","no","flight","1","no","no","separated","no","assoc"
"0.976264398367","lt18","male","right","red","no","strength","3","yes","no","dompart","yes","none"
"0.709195794375","lt35","female","right","purple","no","intelligence","4","no","no","cohab","no","doctor"
"0.0659675558137","lt45","female","right","red","no","intelligence","13","yes","yes","widowed","yes","prof"
"0.407616573994","lt55","male","right","orange","yes","healing","1","no","no","divorced","yes","prof"
"0.620405632831","lt12","female","left","white","no","timefreeze","2","yes","no","divorced","yes","master"
"0.939503965076","lt45","male","left","red","yes","mindco","2","no","no","separated","no","hs"
"0.111905958163","lt18","male","left","pink","no","flight","20","no","yes","cohab","yes","trade"
"0.396961497254","lt18","female","left","black","no","teleport","11","yes","yes","single","yes","under"
"0.439692866309","lt25","female","left","brown","no","invisible","7","no","no","single","yes","trade"
"0.0662303837758","lt55","male","right","red","yes","mindre","10","no","no","cohab","yes","hs"
"0.460002236706","lt35","male","right","blue","no","mindco","5","yes","no","civunion","yes","doctor"
"0.468579400012","lt25","female","right","pink","no","timetravel","6","yes","no","dompart","yes","under"
"0.360656671652","lt45","female","left","yellow","no","invisible","2","no","yes","dompart","no","doctor"
"0.861258964011","lt45","male","right","blue","no","strength","16","yes","no","married","no","trade"
"0.990366214632","lt25","female","left","black","no","healing","13","no","yes","separated","no","under"
"0.23827147518","lt18","male","left","purple","no","intelligence","17","no","yes","cohab","no","master"
"0.982643397468","lt12","female","left","white","yes","timefreeze","13","yes","no","civunion","yes","somecol"
"0.147242940382","lt45","female","left","yellow","yes","healing","19","yes","yes","dompart","no","none"
"0.339275736108","lt35","male","left","yellow","no","teleport","19","no","no","widowed","yes","somecol"
"0.703136610142","lt35","female","right","white","no","mindco","16","yes","yes","widowed","no","prof"
"0.346324872981","lt55","female","right","red","no","timefreeze","14","yes","yes","widowed","yes","doctor"
"0.36227909063","lt25","female","left","pink","no","mindco","2","no","no","single","no","somecol"
"0.654969480357","lt35","female","right","green","yes","teleport","11","yes","no","cohab","yes","master"
"0.960110980249","lt75","male","left","blue","no","mindco","4","no","yes","separated","yes","trade"
"0.552226005621","lt12","female","right","brown","yes","mindre","1","no","yes","divorced","yes","assoc"
"0.204180080287","lt45","male","right","black","no","teleport","9","no","yes","cohab","no","none"
"0.700897949499","lt35","male","right","purple","no","mindre","10","no","yes","widowed","no","under"
"0.313763235521","lt65","male","right","orange","no","timetravel","9","yes","yes","married","no","somecol"
"0.816216461274","lt35","female","right","brown","no","mindre","15","yes","no","married","yes","prof"
"0.879750049697","lt55","male","left","pink","yes","flight","15","no","no","divorced","yes","hs"
"0.472382997021","lt18","male","right","brown","no","flight","12","yes","yes","civunion","yes","prof"
"0.0379969578204","lt75","female","right","orange","no","healing","9","no","no","civunion","yes","prof"
"0.0980929411595","lt12","female","right","brown","no","timefreeze","11","no","yes","civunion","yes","doctor"
"0.754474846873","lt45","female","right","yellow","yes","timetravel","4","no","no","cohab","yes","elementary"
"0.528818766715","lt65","male","left","red","no","invisible","19","no","no","widowed","no","hs"
"0.783352002159","lt55","female","left","pink","no","timefreeze","17","no","no","civunion","no","none"
"0.738508472733","lt45","female","left","purple","yes","healing","17","yes","no","married","yes","none"
"0.236137105634","lt35","male","right","pink","yes","flight","7","no","no","separated","no","elementary"
"0.157454084633","lt45","female","right","black","no","strength","16","yes","no","dompart","yes","none"
"0.0797248893618","lt55","male","right","red","no","flight","15","yes","yes","separated","yes","prof"
"0.448755157821","ge75","male","left","green","yes","intelligence","9","yes","yes","civunion","yes","under"
"0.0158842923008","ge75","female","left","red","yes","timetravel","15","no","no","cohab","no","somecol"
"0.786022507076","lt45","female","left","purple","no","timefreeze","6","no","no","separated","no","trade"
"0.957574376803","lt25","female","right","white","no","mindre","19","no","yes","widowed","no","doctor"
"0.619602011473","lt18","male","right","purple","yes","invisible","6","no","no","dompart","no","none"
"0.709655203232","lt12","male","right","orange","yes","intelligence","16","no","no","widowed","yes","assoc"
"0.650406901597","lt55","female","left","yellow","no","intelligence","2","no","no","widowed","no","doctor"
"0.985396252409","lt45","female","right","red","no","healing","16","yes","yes","married","yes","elementary"
"0.742585233449","lt18","female","right","orange","yes","healing","1","yes","no","dompart","no","none"
"0.918245965525","lt35","female","right","pink","yes","timefreeze","16","no","yes","cohab","no","trade"
"0.403144428151","lt18","male","right","orange","yes","mindre","7","yes","yes","divorced","yes","doctor"
"0.34580571633","lt45","female","left","yellow","no","healing","7","yes","no","cohab","yes","somecol"
"0.893584003073","lt35","female","right","white","no","mindco","20","yes","yes","divorced","yes","assoc"
"0.552479820725","lt25","male","left","blue","no","strength","9","no","no","dompart","yes","doctor"
"0.0766971805619","lt35","male","left","pink","no","timetravel","9","yes","no","cohab","yes","doctor"
"0.769417565538","lt35","female","right","orange","yes","timetravel","6","yes","yes","cohab","yes","master"
"0.0041017358589","lt35","male","right","yellow","yes","healing","4","no","yes","divorced","no","none"
"0.13946046891","lt35","male","right","purple","no","strength","18","yes","yes","separated","yes","doctor"
"0.175109237025","lt35","female","left","blue","yes","strength","3","no","yes","married","no","trade"
"0.0368546461257","lt12","female","left","red","no","invisible","12","yes","yes","married","no","trade"
"0.555284680447","lt45","male","right","yellow","yes","healing","3","no","no","married","no","elementary"
"0.824454335795","lt55","female","right","orange","no","invisible","10","yes","yes","married","no","elementary"
"0.768693266863","lt35","female","left","orange","no","intelligence","13","yes","yes","widowed","yes","assoc"
"0.0702035249309","lt45","female","left","blue","yes","strength","14","yes","no","separated","yes","somecol"
"0.5910170956","lt35","male","right","red","yes","teleport","18","yes","no","widowed","yes","prof"
"0.635647643587","lt35","female","left","blue","no","invisible","12","yes","yes","civunion","no","doctor"
"0.360619339266","lt18","male","left","green","yes","mindre","10","no","yes","married","no","hs"
"0.076634419435","lt55","female","right","green","yes","mindre","18","yes","yes","single","yes","none"
"0.169120497547","ge75","male","right","pink","yes","mindco","19","no","yes","dompart","no","elementary"
"0.87060994767","lt75","male","left","green","no","invisible","7","yes","no","separated","no","elementary"
"0.741773098645","lt18","female","left","yellow","no","intelligence","17","no","yes","married","yes","doctor"
"0.832036463019","lt65","female","left","pink","yes","healing","14","yes","yes","divorced","yes","prof"
"0.0207127466331","lt55","male","left","pink","no","flight","20","no","yes","divorced","no","doctor"
"0.271444558182","lt55","female","left","blue","yes","flight","1","no","yes","cohab","no","prof"
"0.11517177094","lt45","male","right","purple","yes","mindco","2","yes","no","widowed","yes","master"
"0.543936882505","lt35","female","left","purple","no","mindco","16","yes","no","widowed","yes","assoc"
"0.485171963605","lt35","female","left","yellow","yes","timetravel","10","no","yes","cohab","no","somecol"
"0.0970501774123","lt35","male","left","yellow","no","strength","20","no","no","divorced","yes","hs"
"0.292489171332","lt35","male","left","red","yes","invisible","7","yes","no","separated","no","somecol"
"0.614325862916","lt35","female","left","purple","no","mindre","12","yes","yes","single","yes","doctor"
"0.519733001969","lt45","male","right","yellow","yes","timefreeze","14","yes","yes","single","no","somecol"
"0.715732517633","lt65","female","left","blue","yes","flight","13","yes","no","widowed","no","master"
"0.902066649598","lt75","female","left","brown","yes","timetravel","6","no","yes","divorced","yes","hs"
"0.738187078251","lt65","female","right","white","no","strength","8","no","no","dompart","no","somecol"
"0.570985516207","lt18","male","left","pink","yes","flight","5","no","yes","civunion","yes","under"
"0.782446005014","lt25","male","right","pink","no","timefreeze","12","yes","no","single","no","doctor"
"0.45594228853","lt45","female","left","yellow","no","timetravel","2","no","yes","civunion","yes","trade"
"0.344884752039","lt25","male","right","green","yes","timetravel","6","no","yes","married","no","doctor"
"0.297307214055","lt45","female","left","orange","no","intelligence","16","yes","yes","dompart","yes","none"
"0.400725643661","lt18","female","left","pink","no","intelligence","12","yes","yes","divorced","yes","trade"
"0.0439897445919","lt55","male","right","orange","yes","teleport","7","no","no","married","yes","under"
"0.0553492756498","lt25","male","right","white","yes","intelligence","3","yes","no","cohab","no","somecol"
"0.643144756232","lt45","female","left","purple","yes","intelligence","20","no","yes","separated","yes","prof"
"0.680880913671","lt35","female","right","orange","yes","timetravel","14","yes","no","dompart","no","prof"
"0.264757192315","lt55","female","right","orange","no","intelligence","18","no","no","single","no","hs"
"0.70381870044","lt45","female","right","pink","no","mindre","6","yes","no","cohab","yes","master"
"0.22621887007","lt55","male","right","white","yes","intelligence","19","yes","no","separated","no","trade"
"0.724508673644","lt65","female","left","orange","yes","mindco","15","no","yes","married","no","assoc"
"0.906931223158","lt75","female","left","blue","yes","timetravel","11","yes","no","single","no","master"
"0.724638403767","lt55","male","left","yellow","no","timetravel","10","no","yes","dompart","yes","doctor"
"0.860933520504","lt35","female","right","black","no","flight","10","yes","yes","married","no","prof"
"0.93749989207","lt65","female","right","white","no","flight","10","yes","yes","widowed","yes","hs"
"0.1537362186","lt45","female","left","blue","no","strength","17","yes","yes","married","no","hs"
"0.349697747505","lt55","male","left","yellow","no","timefreeze","14","no","yes","separated","yes","under"
"0.189896974558","lt45","female","left","purple","no","mindre","1","no","yes","cohab","yes","none"
"0.779815084356","lt25","male","left","brown","no","mindco","5","no","yes","widowed","yes","prof"
"0.548574177942","lt55","male","right","brown","yes","mindco","4","yes","no","divorced","yes","prof"
"0.278094786323","lt18","male","left","yellow","yes","intelligence","19","yes","no","single","no","master"
"0.715767671771","lt18","female","right","green","no","healing","3","yes","no","divorced","yes","assoc"
"0.232328970476","lt55","female","left","black","yes","timefreeze","20","yes","yes","widowed","no","none"
"0.0952363456011","lt45","male","right","black","yes","mindco","6","yes","yes","separated","no","none"
"0.458391908456","lt55","male","left","green","no","timefreeze","14","no","yes","widowed","no","under"
"0.262878618265","lt35","female","left","red","yes","healing","11","no","yes","widowed","yes","none"
"0.0303113759193","lt12","male","right","pink","yes","timefreeze","17","yes","yes","civunion","yes","assoc"
"0.663771162801","lt35","female","right","pink","no","teleport","3","no","no","single","yes","doctor"
"0.592308767059","lt45","female","right","black","yes","mindco","17","no","no","dompart","no","hs"
"0.664433313103","lt18","female","right","purple","yes","timetravel","20","no","yes","divorced","yes","master"
"0.900609874601","lt35","female","right","black","yes","invisible","3","no","yes","cohab","yes","assoc"
"0.370933732351","ge75","female","left","pink","yes","strength","12","yes","no","cohab","yes","somecol"
"0.693277089302","lt45","male","left","brown","no","teleport","7","yes","yes","cohab","no","somecol"
"0.940425929363","lt18","male","left","brown","no","timefreeze","2","no","yes","widowed","no","hs"
"0.651645553935","lt25","male","left","brown","no","strength","12","yes","yes","civunion","yes","under"
"0.964745737345","lt35","female","left","purple","no","strength","1","no","yes","separated","no","doctor"
"0.491736405833","lt45","female","right","pink","no","strength","19","no","no","dompart","no","trade"
"0.492043475464","lt25","female","right","orange","no","intelligence","8","no","no","divorced","yes","assoc"
"0.854588466766","lt35","male","left","red","yes","mindco","10","no","no","married","no","doctor"
"0.171486647553","lt45","male","left","white","no","flight","8","no","no","dompart","yes","doctor"
"0.442377276389","lt18","male","left","black","no","timefreeze","9","no","no","divorced","yes","under"
"0.921536662376","lt35","female","left","black","yes","timetravel","4","yes","no","cohab","no","somecol"
"0.34594621821","lt25","male","right","white","yes","timetravel","3","yes","no","separated","yes","prof"
"0.405843343248","lt55","female","left","green","yes","teleport","4","no","yes","cohab","no","assoc"
"0.450942674321","lt45","female","left","orange","no","healing","4","yes","yes","single","no","under"
"0.781126799384","lt55","male","right","purple","yes","mindre","13","yes","no","separated","no","assoc"
"0.0427257578935","lt45","female","right","purple","no","mindre","7","no","yes","single","no","trade"
"0.920703483921","lt35","female","left","pink","yes","mindco","7","no","yes","married","yes","hs"
"0.143052300542","lt65","male","left","yellow","no","mindco","10","yes","no","divorced","yes","under"
"0.714744474882","lt12","male","right","red","no","strength","11","no","yes","separated","no","somecol"
"0.808599232543","lt65","female","right","orange","no","intelligence","5","no","no","single","yes","master"
"0.860534166959","lt25","female","left","brown","no","teleport","18","yes","no","widowed","no","hs"
"0.0786159905039","lt35","male","right","green","yes","strength","13","no","no","divorced","no","trade"
"0.861624262277","lt18","male","right","pink","no","intelligence","2","no","yes","civunion","no","master"
"0.332278479996","lt35","female","left","white","no","teleport","20","no","yes","single","yes","hs"
"0.855610880517","lt18","male","right","red","yes","teleport","12","no","no","separated","yes","somecol"
"0.0664543916416","lt45","female","left","blue","no","timetravel","20","yes","yes","separated","no","under"
"0.344383379603","lt35","male","right","pink","no","flight","17","no","yes","single","yes","none"
"0.990435158022","lt35","male","left","black","no","timefreeze","8","no","yes","cohab","no","master"
"0.150662302592","lt55","male","right","blue","yes","invisible","3","no","no","cohab","yes","master"
"0.317772155061","lt45","female","left","brown","no","intelligence","13","no","no","separated","no","trade"
"0.1675414289","lt25","male","right","orange","no","teleport","18","yes","no","separated","no","doctor"
"0.503578300738","lt25","female","right","red","no","mindco","20","yes","no","widowed","no","prof"
"0.664836735352","lt25","male","left","orange","yes","mindco","14","yes","no","cohab","yes","trade"
"0.479217954758","lt45","female","right","purple","no","mindco","15","yes","yes","separated","yes","under"
"0.560456278272","lt35","male","left","red","yes","timefreeze","17","no","yes","married","yes","elementary"
"0.226195795266","lt25","female","left","pink","no","flight","16","yes","no","divorced","no","under"
"0.0151488917126","lt25","female","right","yellow","no","flight","10","yes","yes","dompart","yes","doctor"
"0.80594909932","lt45","female","left","brown","yes","mindco","16","no","no","dompart","no","hs"
"0.922273986277","lt35","female","right","pink","no","strength","12","no","no","dompart","no","none"
"0.0714352403073","lt35","female","left","black","no","mindre","19","yes","no","divorced","yes","elementary"
"0.422845050545","lt25","male","left","green","no","flight","18","no","yes","married","no","under"
"0.536184898609","lt35","female","right","white","yes","strength","12","no","yes","cohab","yes","somecol"
"0.375558061788","lt35","female","right","orange","yes","timefreeze","8","no","no","separated","no","master"
"0.302342434877","lt25","male","right","green","yes","mindco","10","yes","no","married","no","elementary"
"0.654294127241","lt25","female","left","pink","yes","timefreeze","13","yes","yes","single","yes","elementary"
"0.0569358166735","lt45","female","right","brown","yes","intelligence","20","no","yes","single","no","somecol"
"0.837611550654","lt35","male","left","green","no","mindre","4","yes","yes","civunion","no","doctor"
"0.517040152248","lt65","female","left","white","no","timetravel","2","no","yes","divorced","yes","somecol"
"0.161266184641","lt18","male","left","brown","no","flight","16","no","yes","single","no","hs"
"0.941020769881","lt25","female","right","green","yes","mindco","19","yes","yes","dompart","no","elementary"
"0.739287492781","ge75","male","left","yellow","yes","mindre","20","yes","no","civunion","yes","trade"
"0.390149834861","lt55","male","left","white","yes","intelligence","7","yes","no","divorced","yes","elementary"
"0.636349277355","lt25","male","left","green","no","intelligence","9","yes","yes","divorced","no","elementary"
"0.809031329581","lt35","female","right","black","no","strength","6","yes","no","widowed","yes","doctor"
"0.124764466137","lt35","female","right","brown","yes","mindre","12","yes","yes","cohab","no","somecol"
"0.547765454185","lt45","male","left","yellow","yes","timefreeze","19","no","no","single","yes","somecol"
"0.950708589713","lt35","male","left","blue","no","healing","20","no","no","divorced","no","somecol"
"0.399324270395","lt25","male","left","orange","yes","strength","17","yes","yes","cohab","yes","under"
"0.939822981773","lt45","female","left","blue","no","intelligence","8","no","yes","married","no","under"
"0.611763020908","lt35","male","right","green","yes","flight","19","yes","no","divorced","yes","doctor"
"0.325068876842","lt45","female","left","green","yes","mindre","11","no","yes","married","no","elementary"
"0.746900944684","lt18","female","right","brown","no","mindco","17","yes","yes","dompart","no","doctor"
"0.232823538247","lt25","male","right","blue","no","intelligence","4","yes","no","dompart","yes","hs"
"0.616614245722","lt25","male","right","blue","no","intelligence","13","no","no","cohab","yes","somecol"
"0.702922367799","lt18","female","right","pink","yes","teleport","7","yes","yes","widowed","yes","somecol"
"0.0151142832392","lt12","female","right","blue","yes","invisible","16","yes","no","married","yes","none"
"0.0419644543071","lt18","female","right","purple","no","teleport","3","yes","no","separated","no","under"
"0.236740572447","lt55","female","left","brown","yes","timefreeze","10","no","yes","cohab","yes","prof"
"0.349464579882","lt45","female","left","purple","yes","strength","11","yes","no","divorced","no","trade"
"0.43485850182","lt35","male","left","green","yes","strength","13","no","yes","married","no","none"
"0.813797881803","lt55","male","right","white","yes","invisible","14","no","yes","separated","no","none"
"0.865865814977","lt55","female","left","brown","yes","mindco","18","yes","yes","dompart","yes","prof"
"0.239293499856","lt18","female","right","purple","yes","mindre","3","yes","no","cohab","no","assoc"
"0.209176002882","lt45","female","left","yellow","yes","healing","9","no","yes","civunion","no","somecol"
"0.0039171200877","lt35","male","left","green","yes","intelligence","16","yes","yes","widowed","yes","trade"
"0.471434258914","lt45","female","left","brown","yes","teleport","5","yes","no","civunion","yes","somecol"
"0.229871586795","lt45","female","right","blue","yes","timetravel","2","no","no","divorced","no","prof"
"0.159160863681","lt45","male","left","green","no","timetravel","17","yes","yes","widowed","no","doctor"
"0.957550488235","lt25","male","right","blue","yes","timetravel","12","no","yes","divorced","yes","assoc"
"0.530900669748","lt55","male","right","green","yes","strength","1","no","yes","cohab","yes","under"
"0.550934835623","lt25","female","left","white","no","strength","7","no","no","single","yes","somecol"
"0.0949320307148","lt35","female","left","orange","yes","intelligence","3","yes","yes","separated","yes","prof"
"0.429357271653","lt65","female","left","black","no","strength","4","no","yes","single","no","prof"
"0.0211125031086","lt18","female","left","blue","no","healing","10","yes","no","dompart","no","doctor"
"0.962044177873","lt18","female","left","pink","no","strength","1","yes","yes","civunion","no","under"
"0.0975128677627","lt65","male","left","orange","no","timefreeze","6","yes","no","cohab","yes","doctor"
"0.111044073095","lt65","male","right","blue","no","teleport","17","yes","no","cohab","yes","doctor"
"0.767168226094","lt18","male","right","purple","yes","timefreeze","8","yes","yes","civunion","no","somecol"
"0.721450818099","lt35","male","right","white","yes","timetravel","17","yes","no","civunion","no","somecol"
"0.192755897594","lt65","male","right","orange","yes","invisible","10","no","no","dompart","no","assoc"
"0.256937563044","lt25","female","left","pink","no","flight","2","no","yes","widowed","no","doctor"
"0.655650172884","lt18","female","right","green","no","timefreeze","3","no","no","widowed","no","none"
"0.596652031443","lt25","female","right","white","yes","healing","17","yes","yes","civunion","yes","doctor"
"0.753417602084","lt18","female","right","purple","yes","strength","14","yes","no","single","yes","under"
"0.961293138949","lt25","female","right","yellow","yes","invisible","19","no","yes","dompart","yes","prof"
"0.440603933358","lt35","male","left","white","yes","mindco","14","no","yes","widowed","no","master"
"0.912591482317","lt18","male","right","green","yes","strength","3","yes","no","divorced","yes","elementary"
"0.777100621512","lt45","female","left","pink","yes","timetravel","16","yes","yes","widowed","no","master"
"0.488283559413","lt45","male","right","pink","yes","intelligence","8","yes","no","separated","yes","assoc"
"0.122780156568","lt55","female","left","blue","yes","flight","4","yes","yes","civunion","yes","somecol"
"0.207515331651","lt45","male","right","brown","no","timefreeze","3","no","yes","dompart","yes","master"
"0.592502270176","lt45","female","left","blue","yes","flight","3","yes","no","divorced","no","doctor"
"0.131071334603","lt18","female","right","blue","yes","timetravel","10","yes","no","divorced","no","hs"
"0.452771786998","lt25","female","left","black","no","timetravel","20","no","no","cohab","yes","doctor"
"0.0305697150076","lt45","male","left","brown","no","mindco","8","no","no","cohab","no","under"
"0.608542773964","lt25","male","left","white","yes","mindco","8","yes","yes","married","yes","trade"
"0.572460592679","lt75","male","right","blue","yes","timetravel","5","no","no","divorced","no","under"
"0.79531776286","lt45","male","left","purple","no","intelligence","18","no","yes","dompart","yes","assoc"
"0.813315668031","lt18","male","right","yellow","no","teleport","15","yes","yes","married","yes","master"
"0.508271550977","lt45","male","left","white","yes","invisible","5","no","no","divorced","no","prof"
"0.661235119238","lt35","male","left","green","yes","intelligence","13","yes","no","divorced","yes","none"
"0.351489569946","lt25","male","left","red","no","timetravel","3","yes","no","separated","no","trade"
"0.483356471534","lt45","male","right","yellow","no","timetravel","2","yes","no","widowed","yes","elementary"
"0.304948504329","lt25","male","left","brown","yes","invisible","7","no","no","divorced","yes","assoc"
"0.989255782382","lt12","female","left","brown","yes","timefreeze","14","yes","no","separated","yes","none"
"0.416077719969","lt35","male","right","pink","no","invisible","20","no","no","dompart","yes","under"
"0.0427716026195","lt25","male","right","pink","yes","teleport","14","yes","no","civunion","yes","somecol"
"0.0269421581991","lt12","male","left","green","yes","timefreeze","2","no","no","widowed","yes","prof"
"0.196458028657","lt35","female","right","white","no","timefreeze","13","yes","no","civunion","yes","master"
"0.193247294394","lt35","male","right","red","yes","mindco","7","yes","no","cohab","no","trade"
"0.807772211025","lt18","female","right","white","yes","strength","18","yes","yes","cohab","yes","elementary"
"0.906555305249","lt45","female","right","green","yes","strength","2","no","yes","married","yes","doctor"
"0.287371056138","lt55","male","left","green","no","strength","14","yes","yes","civunion","yes","assoc"
"0.700910244471","lt45","male","left","blue","no","invisible","7","no","yes","civunion","no","none"
"0.615198176467","lt65","male","left","green","yes","timetravel","11","yes","yes","dompart","no","none"
"0.903991854407","lt75","female","right","black","no","mindre","19","no","no","married","yes","doctor"
"0.16929863697","lt45","female","right","black","yes","mindre","11","yes","no","cohab","yes","prof"
"0.846447075691","lt12","female","right","purple","yes","teleport","2","yes","yes","separated","no","somecol"
"0.776072707646","lt35","female","right","black","yes","timefreeze","12","yes","no","divorced","yes","none"
"0.0873382338632","lt18","female","right","green","no","mindco","11","no","no","dompart","no","somecol"
"0.865053053411","ge75","male","right","black","yes","healing","2","no","yes","single","no","none"
"0.00214297244947","lt65","male","right","blue","yes","intelligence","11","no","yes","widowed","no","doctor"
"0.321089259714","lt25","female","left","yellow","no","mindco","10","yes","no","civunion","yes","master"
"0.172062639519","lt35","male","right","black","yes","strength","9","no","no","cohab","yes","none"
"0.899365471596","lt45","female","left","purple","no","timetravel","20","no","yes","cohab","yes","trade"
"0.647099085665","lt55","female","right","pink","no","intelligence","2","no","no","widowed","yes","trade"
"0.0274515000646","lt25","female","left","orange","yes","flight","20","no","yes","civunion","no","somecol"
"0.677683461277","ge75","female","left","green","yes","healing","20","yes","yes","single","yes","prof"
"0.586889499782","lt65","male","right","blue","yes","timetravel","8","yes","yes","dompart","yes","none"
"0.820433413486","lt35","female","right","black","no","strength","2","yes","yes","cohab","no","trade"
"0.576169187773","lt75","male","right","orange","no","intelligence","19","yes","yes","separated","no","somecol"
"0.246735728983","lt25","male","left","black","no","mindco","3","no","yes","separated","no","none"
"0.300988983096","lt18","male","right","black","yes","timefreeze","6","no","no","widowed","no","none"
"0.31044142262","lt25","male","right","green","yes","timetravel","17","yes","no","civunion","no","elementary"
"0.673056082458","lt45","female","left","orange","no","teleport","13","yes","no","widowed","yes","trade"
"0.347042882774","lt25","male","left","pink","no","teleport","3","yes","yes","dompart","no","master"
"0.714365595943","lt12","female","right","brown","yes","intelligence","15","no","no","divorced","no","master"
"0.18340790419","lt25","male","left","red","yes","healing","14","no","no","separated","no","doctor"
"0.98019110386","lt45","male","right","brown","no","strength","17","yes","no","single","yes","somecol"
"0.0556220475704","lt35","female","left","black","yes","timefreeze","17","yes","yes","single","no","prof"
"0.622128675767","lt45","male","left","pink","yes","healing","3","no","no","civunion","no","prof"
"0.921443021136","lt55","female","right","white","no","mindco","16","yes","yes","single","yes","elementary"
"0.0814423852974","lt25","male","left","green","yes","mindre","12","no","yes","civunion","no","somecol"
"0.311393947502","lt55","female","right","pink","yes","mindre","7","yes","no","dompart","no","assoc"
"0.494289335376","lt45","male","left","white","no","invisible","14","yes","no","widowed","no","prof"
"0.764160037872","lt18","female","left","brown","no","flight","15","no","yes","single","no","doctor"
"0.469894069703","lt55","female","right","yellow","yes","intelligence","14","no","no","divorced","no","assoc"
"0.944688818778","lt55","female","right","purple","yes","strength","2","yes","yes","civunion","yes","prof"
"0.887865939067","lt55","female","left","orange","no","healing","9","yes","yes","widowed","yes","hs"
"0.640280067542","lt75","female","left","black","yes","healing","12","yes","yes","single","no","doctor"
"0.733852497699","lt55","male","right","green","yes","mindco","13","no","yes","married","no","none"
"0.113642212931","lt25","female","right","brown","yes","timetravel","17","yes","yes","dompart","yes","prof"
"0.272669152569","lt12","male","right","brown","yes","timetravel","17","yes","no","widowed","yes","prof"
"0.400156848889","lt45","female","left","red","yes","invisible","19","yes","yes","widowed","no","master"
"0.612302013771","lt35","male","right","blue","no","mindre","19","no","no","dompart","yes","somecol"
"0.250949206459","lt18","female","right","orange","no","timefreeze","2","yes","no","dompart","yes","master"
"0.186987816524","lt18","female","right","black","yes","intelligence","7","no","yes","cohab","yes","somecol"
"0.319326694311","lt45","male","left","orange","yes","flight","20","yes","no","dompart","yes","none"
"0.708584077662","lt25","female","left","red","yes","timefreeze","12","yes","yes","cohab","no","elementary"
"0.909691313603","lt35","female","right","pink","yes","mindco","3","yes","no","dompart","yes","prof"
"0.611772739904","lt55","female","right","orange","no","strength","5","no","no","separated","yes","none"
"0.0155966647808","lt25","female","left","orange","yes","mindco","16","yes","no","cohab","no","master"
"0.204346802026","lt18","female","right","white","yes","timetravel","4","no","yes","single","yes","somecol"
"0.399514695179","lt25","female","right","white","no","timetravel","15","no","no","widowed","yes","doctor"
"0.859506934642","lt35","male","left","pink","yes","timefreeze","4","no","yes","cohab","no","somecol"
"0.353112198133","lt25","male","left","white","no","mindco","10","yes","yes","widowed","no","trade"
"0.988395929818","lt55","male","right","pink","yes","invisible","19","no","no","dompart","yes","none"
"0.407124664567","lt65","female","left","orange","yes","mindco","18","no","no","dompart","no","elementary"
"0.575001300859","lt65","female","right","pink","no","mindco","13","no","no","single","no","prof"
"0.635781673517","lt45","female","right","black","no","mindre","20","no","no","divorced","yes","prof"
"0.799518154981","ge75","female","right","white","no","mindco","2","yes","no","widowed","yes","elementary"
"0.814962928729","lt18","female","left","pink","no","timetravel","10","no","yes","single","yes","trade"
"0.981789597046","lt35","male","right","orange","yes","healing","4","yes","no","married","no","under"
"0.51670313917","lt18","female","left","purple","no","timefreeze","14","no","no","cohab","yes","master"
"0.176992225863","lt18","male","left","purple","yes","teleport","8","yes","no","dompart","no","doctor"
"0.827128641443","lt25","female","right","yellow","no","healing","6","yes","yes","dompart","no","none"
"0.969814907548","lt45","male","right","black","no","mindre","18","no","no","cohab","yes","prof"
"0.301638729909","lt65","female","left","yellow","no","strength","20","no","no","cohab","no","trade"
"0.4590532555","lt45","female","right","red","no","strength","2","no","yes","cohab","yes","prof"
"0.811364748886","lt12","male","left","yellow","yes","flight","16","yes","no","divorced","no","assoc"
"0.44044717369","lt55","male","left","black","yes","teleport","5","no","yes","separated","no","doctor"
"0.193956677951","lt35","male","right","green","no","mindre","17","no","no","divorced","yes","master"
"0.722213704045","lt35","male","right","brown","yes","invisible","5","yes","yes","divorced","no","trade"
"0.324711428883","lt25","female","right","blue","yes","strength","4","no","yes","separated","yes","trade"
"0.238559370084","ge75","female","left","blue","yes","invisible","1","yes","no","single","yes","somecol"
"0.170254515673","lt25","male","right","orange","no","mindco","12","no","no","separated","no","assoc"
"0.412594256322","lt18","male","right","purple","yes","strength","3","yes","yes","dompart","no","hs"
"0.350248008438","lt55","male","right","white","yes","intelligence","2","no","yes","cohab","yes","prof"
"0.481974057272","lt35","male","right","black","no","intelligence","19","yes","yes","widowed","yes","doctor"
"0.950405453927","lt18","male","right","purple","no","timetravel","14","yes","yes","separated","no","prof"
"0.94859871748","lt45","female","right","yellow","no","strength","7","no","no","single","yes","somecol"
"0.939724784864","lt75","male","right","red","yes","invisible","7","yes","no","married","no","hs"
"0.638419976967","lt12","male","left","white","no","mindco","13","yes","yes","divorced","no","hs"
"0.301346012981","lt18","male","left","orange","no","strength","3","no","no","single","no","prof"
"0.943957452573","lt18","female","right","orange","yes","mindre","14","no","yes","single","yes","trade"
"0.581643087337","lt75","female","left","pink","yes","mindre","7","yes","yes","divorced","yes","trade"
"0.758200663008","lt35","female","left","yellow","no","invisible","11","yes","no","widowed","yes","prof"
"0.15094013688","lt75","male","right","purple","no","strength","17","yes","yes","civunion","no","none"
"0.905784808911","lt55","male","left","black","yes","timefreeze","15","yes","no","divorced","no","somecol"
"0.401327238245","lt35","female","left","blue","yes","healing","19","yes","yes","civunion","yes","hs"
"0.308395917869","lt45","female","left","green","yes","healing","18","no","yes","dompart","no","trade"
"0.219127843424","lt45","female","right","red","no","invisible","12","no","no","widowed","no","hs"
"0.462904999277","lt45","female","right","purple","yes","mindre","9","no","yes","cohab","no","somecol"
"0.165322323716","lt55","male","left","red","yes","mindco","8","yes","yes","dompart","yes","under"
"0.0153091303564","lt55","female","left","yellow","yes","timefreeze","5","yes","no","married","no","master"
"0.163813965489","lt45","male","right","red","yes","timefreeze","17","yes","no","dompart","no","master"
"0.904689619768","lt25","male","right","red","yes","mindco","14","no","no","cohab","no","none"
"0.684898479144","lt12","male","right","purple","yes","invisible","4","yes","yes","married","yes","somecol"
"0.855910093033","lt35","female","left","green","yes","strength","20","yes","yes","married","no","none"
"0.811228542324","lt18","female","left","white","yes","intelligence","13","no","no","divorced","yes","somecol"
"0.675493340922","lt35","female","left","green","no","healing","3","no","no","divorced","yes","none"
"0.0467198296277","lt35","male","left","black","yes","timefreeze","20","yes","no","separated","no","somecol"
"0.938944416121","lt18","male","left","orange","yes","invisible","14","no","no","separated","no","master"
"0.971328747963","lt18","male","left","red","yes","mindre","8","no","no","single","no","under"
"0.190563143819","lt35","female","left","yellow","yes","strength","17","yes","no","married","no","master"
"0.119902529556","lt55","female","left","yellow","no","teleport","4","yes","no","single","no","assoc"
"0.551831932911","lt18","female","right","pink","no","teleport","14","no","yes","separated","no","elementary"
"0.58951434574","lt35","male","left","yellow","yes","healing","17","yes","no","widowed","yes","doctor"
"0.641452638052","lt45","female","right","red","yes","invisible","17","yes","yes","widowed","no","somecol"
"0.876449210724","lt45","male","right","yellow","no","mindco","3","no","no","single","no","none"
"0.0457925420114","lt55","female","right","blue","no","intelligence","10","yes","yes","civunion","no","master"
"0.860892231202","lt55","female","right","green","yes","healing","15","yes","yes","separated","no","none"
"0.294712703432","lt25","male","right","orange","yes","timefreeze","9","yes","yes","divorced","yes","somecol"
"0.946540687554","lt55","male","right","yellow","yes","teleport","15","yes","no","widowed","no","trade"
"0.831709970628","lt55","female","left","blue","no","timefreeze","6","yes","no","married","yes","trade"
"0.93484784304","lt18","male","right","black","no","flight","2","no","yes","dompart","no","doctor"
"0.498859087274","lt55","female","left","orange","yes","teleport","10","yes","no","widowed","yes","under"
"0.100286932789","lt45","male","right","blue","yes","strength","7","yes","yes","widowed","no","under"
"0.363852954484","lt75","female","left","purple","no","flight","15","yes","yes","dompart","yes","trade"
"0.40326166778","lt18","male","right","black","no","timetravel","5","no","yes","married","yes","hs"
"0.545849109641","lt35","male","left","pink","yes","flight","7","no","no","widowed","no","under"
"0.513962194582","lt45","female","right","red","no","flight","5","yes","no","dompart","yes","under"
"0.00752092016531","lt35","male","right","yellow","yes","intelligence","16","no","yes","married","no","master"
"0.251285808531","lt25","male","right","black","no","teleport","18","no","yes","divorced","no","none"
"0.242166428451","lt45","male","left","green","yes","mindre","10","no","yes","married","no","elementary"
"0.549021470138","lt12","male","left","purple","no","mindre","14","no","yes","dompart","no","none"
"0.417174556748","lt45","female","left","blue","no","strength","20","yes","no","divorced","yes","master"
"0.686245038688","lt75","female","left","yellow","no","flight","1","yes","no","separated","yes","under"
"0.548598170209","lt55","female","right","yellow","no","intelligence","13","yes","no","civunion","yes","elementary"
"0.127773856648","lt75","male","left","black","no","intelligence","10","yes","no","single","no","somecol"
"0.00295485302094","lt65","female","left","red","yes","mindco","6","yes","no","cohab","no","assoc"
"0.522324692179","lt45","male","left","green","no","intelligence","9","no","no","cohab","yes","trade"
"0.502858327294","lt35","female","left","purple","no","intelligence","5","yes","no","divorced","no","prof"
"0.726461727328","lt35","male","left","brown","no","invisible","11","yes","no","widowed","yes","trade"
"0.646224241465","lt35","male","left","red","no","mindre","19","yes","yes","civunion","yes","none"
"0.91571462138","lt45","female","right","brown","no","flight","17","yes","no","civunion","no","prof"
"0.761498159874","lt55","male","right","blue","no","timetravel","6","no","yes","separated","yes","hs"
"0.980281812618","lt12","male","right","purple","no","timetravel","10","no","no","civunion","yes","hs"
"0.253808991115","lt75","male","left","red","no","flight","15","no","yes","widowed","no","assoc"
"0.0989629131644","lt75","female","right","purple","yes","teleport","14","no","no","widowed","yes","prof"
"0.243411598193","lt18","female","left","orange","no","strength","9","no","yes","separated","no","none"
"0.667620716505","lt25","female","left","blue","yes","strength","11","yes","yes","dompart","yes","trade"
"0.741534695436","lt45","female","right","red","no","flight","11","yes","no","cohab","yes","doctor"
"0.730265713188","lt18","female","left","brown","no","timefreeze","18","no","yes","separated","yes","assoc"
"0.557759663846","lt45","female","right","blue","no","timefreeze","6","no","no","married","yes","elementary"
"0.702926003565","lt35","male","right","green","yes","invisible","13","no","no","widowed","no","master"
"0.266140014418","lt45","male","left","white","no","intelligence","19","yes","no","divorced","yes","trade"
"0.814299446277","lt25","female","left","orange","no","teleport","3","no","no","dompart","no","none"
"0.786001087693","ge75","male","left","green","yes","intelligence","6","yes","no","single","no","trade"
"0.603242055546","lt55","male","left","blue","no","flight","9","yes","yes","married","yes","hs"
"0.513602959414","lt12","female","right","orange","no","intelligence","7","yes","yes","married","no","master"
"0.4013453582","lt35","female","right","orange","yes","teleport","1","yes","no","cohab","no","prof"
"0.253649731674","lt35","male","left","brown","yes","intelligence","4","yes","yes","cohab","no","doctor"
"0.583573785004","lt35","male","left","green","no","mindco","7","no","no","separated","yes","hs"
"0.616806957653","lt25","female","right","pink","yes","intelligence","16","no","no","civunion","yes","somecol"
"0.744059963968","lt75","female","right","yellow","no","strength","11","no","yes","married","no","elementary"
"0.874043006892","lt25","female","left","black","yes","healing","11","no","yes","separated","yes","somecol"
"0.0386376125929","lt55","female","left","white","yes","flight","15","yes","yes","separated","yes","none"
"0.548151535373","ge75","female","right","black","no","invisible","2","yes","yes","married","yes","trade"
"0.714387469049","lt35","male","left","purple","yes","strength","15","no","no","married","no","hs"
"0.225242097444","lt65","male","left","blue","no","flight","9","yes","no","cohab","yes","somecol"
"0.180267896824","lt55","female","right","red","no","invisible","18","no","no","civunion","no","master"
"0.111531263508","lt55","male","left","purple","no","flight","17","no","yes","cohab","no","prof"
"0.5052733415","lt55","female","right","brown","yes","flight","13","no","no","single","no","doctor"
"0.339916397697","lt75","male","right","pink","no","intelligence","1","yes","no","widowed","no","under"
"0.685758458432","lt18","male","right","black","yes","mindco","2","no","yes","married","no","doctor"
"0.497929180026","lt55","male","right","black","no","mindre","20","yes","yes","married","no","doctor"
"0.397606755409","lt35","male","right","brown","no","mindco","18","yes","yes","dompart","yes","none"
"0.175281940241","lt35","female","left","black","yes","strength","14","no","yes","dompart","yes","doctor"
"0.544798241168","lt35","male","left","green","no","invisible","17","yes","yes","widowed","yes","under"
"0.709799163767","lt55","male","left","white","no","teleport","1","yes","yes","married","yes","elementary"
